{
  "token_acc":0.9993134577,
  "token_p":0.9970513532,
  "token_r":0.9964695241,
  "token_f":0.9967603537,
  "tag_acc":0.6609704087,
  "pos_acc":0.8561621827,
  "morph_acc":0.7589763066,
  "morph_micro_p":0.864392131,
  "morph_micro_r":0.8775473965,
  "morph_micro_f":0.8709200889,
  "morph_per_feat":{
    "Case":{
      "p":0.9102460124,
      "r":0.9010383216,
      "f":0.9056187633
    },
    "Gender":{
      "p":0.8448388859,
      "r":0.8318008281,
      "f":0.838269163
    },
    "Number":{
      "p":0.9567817953,
      "r":0.946902261,
      "f":0.9518163923
    },
    "Aspect":{
      "p":0.6474061577,
      "r":0.7299096529,
      "f":0.6861868574
    },
    "Mood":{
      "p":0.8658112804,
      "r":0.8571050542,
      "f":0.8614361702
    },
    "Person":{
      "p":0.8637113402,
      "r":0.8763598326,
      "f":0.8699896158
    },
    "Tense":{
      "p":0.7856692913,
      "r":0.7713358071,
      "f":0.7784365736
    },
    "VerbForm":{
      "p":0.9088188976,
      "r":0.8926527456,
      "f":0.9006632852
    },
    "Voice":{
      "p":0.8595275591,
      "r":0.8438466296,
      "f":0.8516149165
    },
    "PronType":{
      "p":0.6621047664,
      "r":0.9384615385,
      "f":0.7764250138
    },
    "Degree":{
      "p":0.5794871795,
      "r":0.5268065268,
      "f":0.5518925519
    },
    "Definite":{
      "p":0.6109743229,
      "r":0.9676880223,
      "f":0.7490297542
    },
    "Reflex":{
      "p":0.6984126984,
      "r":0.9565217391,
      "f":0.8073394495
    },
    "Polarity":{
      "p":1.0,
      "r":0.9457013575,
      "f":0.9720930233
    },
    "Poss":{
      "p":0.6666666667,
      "r":0.3076923077,
      "f":0.4210526316
    }
  },
  "lemma_acc":0.7729084829,
  "sents_p":0.6106696935,
  "sents_r":0.6859328517,
  "sents_f":0.6461168935,
  "dep_uas":0.6176885241,
  "dep_las":0.5265812475,
  "dep_las_per_type":{
    "iobj":{
      "p":0.438077634,
      "r":0.4421641791,
      "f":0.4401114206
    },
    "root":{
      "p":0.6484641638,
      "r":0.7267318317,
      "f":0.6853707415
    },
    "nsubj":{
      "p":0.4372881356,
      "r":0.4623655914,
      "f":0.4494773519
    },
    "advmod":{
      "p":0.5290574061,
      "r":0.4532483303,
      "f":0.4882275997
    },
    "advcl":{
      "p":0.3512869399,
      "r":0.4603372892,
      "f":0.3984860773
    },
    "ccomp":{
      "p":0.33125,
      "r":0.1244131455,
      "f":0.180887372
    },
    "discourse":{
      "p":0.6205630355,
      "r":0.6671052632,
      "f":0.6429930247
    },
    "obj":{
      "p":0.4280263614,
      "r":0.5105502689,
      "f":0.4656603774
    },
    "det":{
      "p":0.7661188369,
      "r":0.7780868821,
      "f":0.7720564816
    },
    "nmod":{
      "p":0.3863037752,
      "r":0.3176895307,
      "f":0.3486529319
    },
    "cop":{
      "p":0.5192802057,
      "r":0.4089068826,
      "f":0.4575311438
    },
    "appos":{
      "p":0.1203007519,
      "r":0.0829015544,
      "f":0.0981595092
    },
    "case":{
      "p":0.8248515691,
      "r":0.8376399655,
      "f":0.8311965812
    },
    "acl":{
      "p":0.1927710843,
      "r":0.0540540541,
      "f":0.0844327177
    },
    "mark":{
      "p":0.7050505051,
      "r":0.6209964413,
      "f":0.660359508
    },
    "obl":{
      "p":0.4393694422,
      "r":0.496347032,
      "f":0.4661234991
    },
    "nsubj:pass":{
      "p":0.3103448276,
      "r":0.0947368421,
      "f":0.1451612903
    },
    "xcomp":{
      "p":0.2923433875,
      "r":0.1655716163,
      "f":0.211409396
    },
    "cc":{
      "p":0.3780036969,
      "r":0.4921780987,
      "f":0.4276006273
    },
    "conj":{
      "p":0.3847251963,
      "r":0.353906763,
      "f":0.3686730506
    },
    "dislocated":{
      "p":0.0,
      "r":0.0,
      "f":0.0
    },
    "amod":{
      "p":0.3038869258,
      "r":0.2382271468,
      "f":0.2670807453
    },
    "parataxis":{
      "p":0.0,
      "r":0.0,
      "f":0.0
    },
    "nummod":{
      "p":0.375,
      "r":0.4931506849,
      "f":0.426035503
    },
    "orphan":{
      "p":0.125,
      "r":0.0285714286,
      "f":0.0465116279
    },
    "csubj:pass":{
      "p":0.0,
      "r":0.0,
      "f":0.0
    },
    "obl:agent":{
      "p":0.2,
      "r":0.0454545455,
      "f":0.0740740741
    },
    "vocative":{
      "p":0.3732394366,
      "r":0.3732394366,
      "f":0.3732394366
    },
    "dep":{
      "p":0.0,
      "r":0.0,
      "f":0.0
    },
    "csubj":{
      "p":0.1538461538,
      "r":0.0512820513,
      "f":0.0769230769
    },
    "aux":{
      "p":0.0,
      "r":0.0,
      "f":0.0
    },
    "aux:pass":{
      "p":0.0,
      "r":0.0,
      "f":0.0
    },
    "flat:name":{
      "p":0.4,
      "r":0.5714285714,
      "f":0.4705882353
    },
    "fixed":{
      "p":0.0,
      "r":0.0,
      "f":0.0
    }
  },
  "ents_p":null,
  "ents_r":null,
  "ents_f":null,
  "ents_per_type":null,
  "speed":33115.7081938212
}