{
  "token_acc":0.9988757864,
  "token_p":0.9963205428,
  "token_r":0.9947993702,
  "token_f":0.9955593754,
  "pos_acc":0.8196987808,
  "morph_acc":0.6126225197,
  "morph_micro_p":0.8231870857,
  "morph_micro_r":0.9485684296,
  "morph_micro_f":0.8814413438,
  "morph_per_feat":{
    "Mood":{
      "p":0.9743083004,
      "r":0.9563530553,
      "f":0.9652471855
    },
    "Number":{
      "p":0.9833422891,
      "r":0.9742926681,
      "f":0.9787965616
    },
    "Person":{
      "p":0.8097868982,
      "r":0.9544186047,
      "f":0.8761742101
    },
    "Tense":{
      "p":0.9533063428,
      "r":0.9474248927,
      "f":0.9503565182
    },
    "VerbForm":{
      "p":0.9765435427,
      "r":0.9726100967,
      "f":0.9745728508
    },
    "Voice":{
      "p":0.9066126856,
      "r":0.9010193133,
      "f":0.9038073456
    },
    "Case":{
      "p":0.9669211196,
      "r":0.9602021478,
      "f":0.9635499208
    },
    "Gender":{
      "p":0.9260482613,
      "r":0.912897974,
      "f":0.9194260988
    },
    "Definite":{
      "p":0.0,
      "r":0.0,
      "f":0.0
    },
    "PronType":{
      "p":0.0,
      "r":0.0,
      "f":0.0
    },
    "Aspect":{
      "p":0.3495038589,
      "r":0.9378698225,
      "f":0.5092369478
    },
    "Degree":{
      "p":0.0651197605,
      "r":0.9255319149,
      "f":0.1216783217
    },
    "Reflex":{
      "p":0.0,
      "r":0.0,
      "f":0.0
    },
    "Poss":{
      "p":0.0,
      "r":0.0,
      "f":0.0
    },
    "Polarity":{
      "p":0.0,
      "r":0.0,
      "f":0.0
    }
  },
  "tag_acc":0.0,
  "sents_p":0.1020683453,
  "sents_r":0.17381317,
  "sents_f":0.128611898,
  "dep_uas":0.6930006579,
  "dep_las":0.5313899643,
  "dep_las_per_type":{
    "root":{
      "p":0.5090252708,
      "r":0.8637059724,
      "f":0.6405451448
    },
    "advmod":{
      "p":0.4072471606,
      "r":0.2925407925,
      "f":0.3404928781
    },
    "nsubj":{
      "p":0.7168486739,
      "r":0.6858208955,
      "f":0.7009916095
    },
    "det":{
      "p":0.68,
      "r":0.7882205514,
      "f":0.7301218804
    },
    "nmod":{
      "p":0.5758293839,
      "r":0.2158081705,
      "f":0.3139534884
    },
    "obj":{
      "p":0.6953062848,
      "r":0.578807947,
      "f":0.6317311167
    },
    "advcl":{
      "p":0.590085796,
      "r":0.620240481,
      "f":0.6047874939
    },
    "cc":{
      "p":0.4278187566,
      "r":0.6226993865,
      "f":0.5071830106
    },
    "conj":{
      "p":0.6377840909,
      "r":0.5962815405,
      "f":0.6163349348
    },
    "amod":{
      "p":0.0892193309,
      "r":0.3310344828,
      "f":0.140556369
    },
    "cop":{
      "p":0.7148288973,
      "r":0.6666666667,
      "f":0.6899082569
    },
    "obl":{
      "p":0.6605868358,
      "r":0.5975609756,
      "f":0.6274952919
    },
    "case":{
      "p":0.882642305,
      "r":0.8704088704,
      "f":0.876482903
    },
    "xcomp":{
      "p":0.5114503817,
      "r":0.3857965451,
      "f":0.4398249453
    },
    "csubj":{
      "p":0.0,
      "r":0.0,
      "f":0.0
    },
    "mark":{
      "p":0.8312757202,
      "r":0.5838150289,
      "f":0.6859083192
    },
    "ccomp":{
      "p":0.3790849673,
      "r":0.4393939394,
      "f":0.4070175439
    },
    "discourse":{
      "p":0.0206648697,
      "r":0.696969697,
      "f":0.0401396161
    },
    "iobj":{
      "p":0.1111111111,
      "r":0.5757575758,
      "f":0.1862745098
    },
    "dep":{
      "p":0.0,
      "r":0.0,
      "f":0.0
    },
    "parataxis":{
      "p":0.0,
      "r":0.0,
      "f":0.0
    },
    "nsubj:pass":{
      "p":0.0,
      "r":0.0,
      "f":0.0
    },
    "orphan":{
      "p":0.0,
      "r":0.0,
      "f":0.0
    },
    "appos":{
      "p":0.0078534031,
      "r":0.1034482759,
      "f":0.0145985401
    },
    "acl":{
      "p":0.1370558376,
      "r":0.2045454545,
      "f":0.1641337386
    },
    "vocative":{
      "p":0.2211538462,
      "r":0.2839506173,
      "f":0.2486486486
    },
    "dislocated":{
      "p":0.0,
      "r":0.0,
      "f":0.0
    },
    "nummod":{
      "p":0.0281690141,
      "r":0.6666666667,
      "f":0.0540540541
    },
    "obl:agent":{
      "p":0.0,
      "r":0.0,
      "f":0.0
    },
    "fixed":{
      "p":0.0,
      "r":0.0,
      "f":0.0
    },
    "csubj:pass":{
      "p":0.0,
      "r":0.0,
      "f":0.0
    },
    "flat:name":{
      "p":0.0,
      "r":0.0,
      "f":0.0
    }
  },
  "lemma_acc":0.689165611,
  "speed":298.5363550203
}