{
  "token_acc":1.0,
  "token_p":0.9981990095,
  "token_r":0.9990986931,
  "token_f":0.9986486486,
  "tag_acc":0.8992038456,
  "pos_acc":0.9205347754,
  "morph_acc":0.8033648791,
  "morph_micro_p":0.9153546018,
  "morph_micro_r":0.9005148121,
  "morph_micro_f":0.9078740695,
  "morph_per_feat":{
    "Case":{
      "p":0.9285338247,
      "r":0.9279231882,
      "f":0.928228406
    },
    "Gender":{
      "p":0.872712702,
      "r":0.8664633338,
      "f":0.86957679
    },
    "Number":{
      "p":0.9706833369,
      "r":0.9663090129,
      "f":0.9684912356
    },
    "Aspect":{
      "p":0.8032069971,
      "r":0.7722494744,
      "f":0.78742408
    },
    "Mood":{
      "p":0.8839285714,
      "r":0.8648806057,
      "f":0.8743008537
    },
    "Person":{
      "p":0.9344518143,
      "r":0.9106463878,
      "f":0.9223955324
    },
    "Tense":{
      "p":0.817132216,
      "r":0.800729927,
      "f":0.8088479263
    },
    "VerbForm":{
      "p":0.9430167598,
      "r":0.923750456,
      "f":0.9332841872
    },
    "Voice":{
      "p":0.870018622,
      "r":0.8525547445,
      "f":0.8611981567
    },
    "PronType":{
      "p":0.9629375429,
      "r":0.9384615385,
      "f":0.9505420054
    },
    "Degree":{
      "p":0.7910714286,
      "r":0.5798429319,
      "f":0.66918429
    },
    "Definite":{
      "p":0.9628603104,
      "r":0.9676880223,
      "f":0.96526813
    },
    "Reflex":{
      "p":0.9777777778,
      "r":0.9565217391,
      "f":0.967032967
    },
    "Polarity":{
      "p":1.0,
      "r":0.9457013575,
      "f":0.9720930233
    },
    "Poss":{
      "p":0.8,
      "r":0.3076923077,
      "f":0.4444444444
    }
  },
  "lemma_acc":0.8280780781,
  "sents_p":0.3223736969,
  "sents_r":0.3839541547,
  "sents_f":0.3504795118,
  "dep_uas":0.6606083365,
  "dep_las":0.5838308738,
  "dep_las_per_type":{
    "iobj":{
      "p":0.5695187166,
      "r":0.4874141876,
      "f":0.5252774353
    },
    "root":{
      "p":0.5724579664,
      "r":0.6829035339,
      "f":0.6228222997
    },
    "nsubj":{
      "p":0.45951417,
      "r":0.5089686099,
      "f":0.4829787234
    },
    "advmod":{
      "p":0.5026041667,
      "r":0.5361111111,
      "f":0.5188172043
    },
    "advcl":{
      "p":0.3680904523,
      "r":0.4859038143,
      "f":0.4188706219
    },
    "ccomp":{
      "p":0.3555555556,
      "r":0.1975308642,
      "f":0.253968254
    },
    "discourse":{
      "p":0.6885714286,
      "r":0.6629986245,
      "f":0.6755430974
    },
    "obj":{
      "p":0.5090415913,
      "r":0.6207276736,
      "f":0.5593641331
    },
    "det":{
      "p":0.8564551422,
      "r":0.8587099605,
      "f":0.8575810692
    },
    "nmod":{
      "p":0.4468864469,
      "r":0.471042471,
      "f":0.4586466165
    },
    "cop":{
      "p":0.5411764706,
      "r":0.4339622642,
      "f":0.4816753927
    },
    "appos":{
      "p":0.1612903226,
      "r":0.0914634146,
      "f":0.1167315175
    },
    "case":{
      "p":0.9014396456,
      "r":0.9260523322,
      "f":0.9135802469
    },
    "acl":{
      "p":0.25,
      "r":0.0731707317,
      "f":0.1132075472
    },
    "mark":{
      "p":0.6849315068,
      "r":0.6944444444,
      "f":0.6896551724
    },
    "obl":{
      "p":0.483762598,
      "r":0.5427135678,
      "f":0.5115452931
    },
    "nsubj:pass":{
      "p":0.3461538462,
      "r":0.0947368421,
      "f":0.1487603306
    },
    "xcomp":{
      "p":0.4,
      "r":0.25,
      "f":0.3076923077
    },
    "cc":{
      "p":0.4565434565,
      "r":0.4524752475,
      "f":0.4545002486
    },
    "conj":{
      "p":0.4262877442,
      "r":0.3116883117,
      "f":0.3600900225
    },
    "dislocated":{
      "p":0.0,
      "r":0.0,
      "f":0.0
    },
    "amod":{
      "p":0.4117647059,
      "r":0.3888888889,
      "f":0.4
    },
    "parataxis":{
      "p":0.0,
      "r":0.0,
      "f":0.0
    },
    "nummod":{
      "p":0.564516129,
      "r":0.5,
      "f":0.5303030303
    },
    "orphan":{
      "p":0.1428571429,
      "r":0.0285714286,
      "f":0.0476190476
    },
    "csubj:pass":{
      "p":0.0,
      "r":0.0,
      "f":0.0
    },
    "obl:agent":{
      "p":0.3333333333,
      "r":0.0454545455,
      "f":0.08
    },
    "vocative":{
      "p":0.4833333333,
      "r":0.4754098361,
      "f":0.479338843
    },
    "dep":{
      "p":0.0,
      "r":0.0,
      "f":0.0
    },
    "csubj":{
      "p":0.0,
      "r":0.0,
      "f":0.0
    },
    "aux":{
      "p":0.0,
      "r":0.0,
      "f":0.0
    },
    "aux:pass":{
      "p":0.0,
      "r":0.0,
      "f":0.0
    },
    "flat:name":{
      "p":0.5714285714,
      "r":0.5714285714,
      "f":0.5714285714
    },
    "fixed":{
      "p":0.0,
      "r":0.0,
      "f":0.0
    }
  },
  "ents_p":null,
  "ents_r":null,
  "ents_f":null,
  "ents_per_type":null,
  "speed":34064.5216703133
}