{
  "token_acc":1.0,
  "token_p":0.9981990095,
  "token_r":0.9990986931,
  "token_f":0.9986486486,
  "tag_acc":0.9802463572,
  "pos_acc":0.9784069999,
  "morph_acc":0.9318011116,
  "morph_micro_p":0.9776883604,
  "morph_micro_r":0.9765625,
  "morph_micro_f":0.9771251059,
  "morph_per_feat":{
    "Case":{
      "p":0.9838157895,
      "r":0.9834275944,
      "f":0.9836216536
    },
    "Gender":{
      "p":0.937615649,
      "r":0.9407240419,
      "f":0.9391672734
    },
    "Number":{
      "p":0.9945208423,
      "r":0.9932403433,
      "f":0.9938801804
    },
    "Aspect":{
      "p":0.9734636872,
      "r":0.976874562,
      "f":0.975166142
    },
    "Mood":{
      "p":0.9871194379,
      "r":0.9819452533,
      "f":0.9845255474
    },
    "Person":{
      "p":0.9862280031,
      "r":0.9802281369,
      "f":0.9832189169
    },
    "Tense":{
      "p":0.9809314265,
      "r":0.9762773723,
      "f":0.9785988659
    },
    "VerbForm":{
      "p":0.9963329666,
      "r":0.9912440715,
      "f":0.9937820044
    },
    "Voice":{
      "p":0.9717638431,
      "r":0.9671532847,
      "f":0.9694530821
    },
    "PronType":{
      "p":0.9845896147,
      "r":0.9829431438,
      "f":0.9837656904
    },
    "Degree":{
      "p":0.9401820546,
      "r":0.9463350785,
      "f":0.9432485323
    },
    "Definite":{
      "p":0.9927697442,
      "r":0.9944289694,
      "f":0.9935986641
    },
    "Reflex":{
      "p":1.0,
      "r":1.0,
      "f":1.0
    },
    "Polarity":{
      "p":0.99543379,
      "r":0.9864253394,
      "f":0.9909090909
    },
    "Poss":{
      "p":1.0,
      "r":0.8461538462,
      "f":0.9166666667
    }
  },
  "sents_p":0.6417910448,
  "sents_r":0.6571155683,
  "sents_f":0.649362907,
  "dep_uas":0.8230125052,
  "dep_las":0.7862105224,
  "dep_las_per_type":{
    "iobj":{
      "p":0.7391304348,
      "r":0.7780320366,
      "f":0.7580824972
    },
    "root":{
      "p":0.8143656716,
      "r":0.8338108883,
      "f":0.8239735724
    },
    "nsubj":{
      "p":0.77827051,
      "r":0.7869955157,
      "f":0.7826086957
    },
    "advmod":{
      "p":0.7207602339,
      "r":0.6847222222,
      "f":0.7022792023
    },
    "advcl":{
      "p":0.7469244288,
      "r":0.7048092869,
      "f":0.7252559727
    },
    "ccomp":{
      "p":0.6282051282,
      "r":0.6049382716,
      "f":0.6163522013
    },
    "discourse":{
      "p":0.8358413133,
      "r":0.8404401651,
      "f":0.8381344307
    },
    "obj":{
      "p":0.8554083885,
      "r":0.8544652701,
      "f":0.8549365692
    },
    "det":{
      "p":0.9348878135,
      "r":0.9324265029,
      "f":0.933655536
    },
    "nmod":{
      "p":0.7351247601,
      "r":0.7393822394,
      "f":0.7372473532
    },
    "cop":{
      "p":0.7623318386,
      "r":0.8018867925,
      "f":0.7816091954
    },
    "appos":{
      "p":0.4608695652,
      "r":0.3231707317,
      "f":0.3799283154
    },
    "case":{
      "p":0.967268623,
      "r":0.9749715586,
      "f":0.9711048159
    },
    "acl":{
      "p":0.5093167702,
      "r":0.5,
      "f":0.5046153846
    },
    "mark":{
      "p":0.9,
      "r":0.9166666667,
      "f":0.9082568807
    },
    "obl":{
      "p":0.7325301205,
      "r":0.7638190955,
      "f":0.7478474785
    },
    "nsubj:pass":{
      "p":0.72,
      "r":0.7578947368,
      "f":0.7384615385
    },
    "xcomp":{
      "p":0.7008547009,
      "r":0.6833333333,
      "f":0.6919831224
    },
    "cc":{
      "p":0.6722113503,
      "r":0.6801980198,
      "f":0.6761811024
    },
    "conj":{
      "p":0.6002621232,
      "r":0.5948051948,
      "f":0.5975212003
    },
    "dislocated":{
      "p":0.3333333333,
      "r":0.0714285714,
      "f":0.1176470588
    },
    "amod":{
      "p":0.6899563319,
      "r":0.7314814815,
      "f":0.7101123596
    },
    "parataxis":{
      "p":0.0,
      "r":0.0,
      "f":0.0
    },
    "dep":{
      "p":0.0,
      "r":0.0,
      "f":0.0
    },
    "nummod":{
      "p":0.8194444444,
      "r":0.8428571429,
      "f":0.8309859155
    },
    "fixed":{
      "p":0.8333333333,
      "r":0.625,
      "f":0.7142857143
    },
    "csubj:pass":{
      "p":0.25,
      "r":0.1428571429,
      "f":0.1818181818
    },
    "obl:agent":{
      "p":0.9090909091,
      "r":0.4545454545,
      "f":0.6060606061
    },
    "orphan":{
      "p":0.2222222222,
      "r":0.1142857143,
      "f":0.1509433962
    },
    "vocative":{
      "p":0.8064516129,
      "r":0.8196721311,
      "f":0.8130081301
    },
    "flat:name":{
      "p":0.7142857143,
      "r":0.7142857143,
      "f":0.7142857143
    },
    "aux":{
      "p":0.0,
      "r":0.0,
      "f":0.0
    },
    "aux:pass":{
      "p":0.0,
      "r":0.0,
      "f":0.0
    }
  },
  "lemma_acc":0.888963964,
  "ents_p":null,
  "ents_r":null,
  "ents_f":null,
  "ents_per_type":null,
  "speed":3093.0213950332
}