{
  "token_acc":1.0,
  "token_p":0.9981990095,
  "token_r":0.9990986931,
  "token_f":0.9986486486,
  "pos_acc":0.9823494066,
  "morph_acc":0.9405137449,
  "morph_micro_p":0.9809700312,
  "morph_micro_r":0.9800397399,
  "morph_micro_f":0.9805046649,
  "morph_per_feat":{
    "Case":{
      "p":0.9882863912,
      "r":0.9876364593,
      "f":0.9879613183
    },
    "Gender":{
      "p":0.9427248677,
      "r":0.9451001193,
      "f":0.9439109993
    },
    "Number":{
      "p":0.9952733913,
      "r":0.9940987124,
      "f":0.9946857051
    },
    "Aspect":{
      "p":0.979020979,
      "r":0.9810791871,
      "f":0.9800490025
    },
    "Mood":{
      "p":0.9900642899,
      "r":0.9866045428,
      "f":0.9883313886
    },
    "Person":{
      "p":0.9888931444,
      "r":0.9817490494,
      "f":0.9853081473
    },
    "Tense":{
      "p":0.9831932773,
      "r":0.9821167883,
      "f":0.982654738
    },
    "VerbForm":{
      "p":0.9963463646,
      "r":0.994892375,
      "f":0.995618839
    },
    "Voice":{
      "p":0.9758860066,
      "r":0.9748175182,
      "f":0.9753514698
    },
    "PronType":{
      "p":0.9879032258,
      "r":0.983277592,
      "f":0.9855849816
    },
    "Degree":{
      "p":0.9571428571,
      "r":0.9646596859,
      "f":0.9608865711
    },
    "Definite":{
      "p":0.9949804796,
      "r":0.9938718663,
      "f":0.994425864
    },
    "Reflex":{
      "p":1.0,
      "r":1.0,
      "f":1.0
    },
    "Polarity":{
      "p":1.0,
      "r":0.9909502262,
      "f":0.9954545455
    },
    "Poss":{
      "p":1.0,
      "r":0.9230769231,
      "f":0.96
    }
  },
  "tag_acc":0.9835511492,
  "sents_p":0.7175572519,
  "sents_r":0.7182425979,
  "sents_f":0.7178997613,
  "dep_uas":0.8574432928,
  "dep_las":0.8228180862,
  "dep_las_per_type":{
    "iobj":{
      "p":0.8018018018,
      "r":0.8146453089,
      "f":0.8081725312
    },
    "root":{
      "p":0.875,
      "r":0.8758357211,
      "f":0.8754176611
    },
    "nsubj":{
      "p":0.8191011236,
      "r":0.817264574,
      "f":0.8181818182
    },
    "advmod":{
      "p":0.7759643917,
      "r":0.7263888889,
      "f":0.7503586801
    },
    "advcl":{
      "p":0.7441860465,
      "r":0.7960199005,
      "f":0.7692307692
    },
    "ccomp":{
      "p":0.641025641,
      "r":0.6172839506,
      "f":0.6289308176
    },
    "discourse":{
      "p":0.8622100955,
      "r":0.8693259972,
      "f":0.8657534247
    },
    "obj":{
      "p":0.865279299,
      "r":0.8710033076,
      "f":0.8681318681
    },
    "det":{
      "p":0.9463028169,
      "r":0.9433962264,
      "f":0.9448472863
    },
    "nmod":{
      "p":0.7912524851,
      "r":0.7683397683,
      "f":0.7796278159
    },
    "cop":{
      "p":0.8349056604,
      "r":0.8349056604,
      "f":0.8349056604
    },
    "appos":{
      "p":0.5172413793,
      "r":0.3658536585,
      "f":0.4285714286
    },
    "case":{
      "p":0.9705882353,
      "r":0.976109215,
      "f":0.9733408962
    },
    "acl":{
      "p":0.6231884058,
      "r":0.5243902439,
      "f":0.5695364238
    },
    "mark":{
      "p":0.8898678414,
      "r":0.9351851852,
      "f":0.9119638826
    },
    "obl":{
      "p":0.7689486553,
      "r":0.790201005,
      "f":0.7794299876
    },
    "nsubj:pass":{
      "p":0.7476635514,
      "r":0.8421052632,
      "f":0.7920792079
    },
    "xcomp":{
      "p":0.7029288703,
      "r":0.7,
      "f":0.7014613779
    },
    "cc":{
      "p":0.7529761905,
      "r":0.7514851485,
      "f":0.7522299306
    },
    "conj":{
      "p":0.7142857143,
      "r":0.7077922078,
      "f":0.7110241357
    },
    "dislocated":{
      "p":0.5,
      "r":0.1428571429,
      "f":0.2222222222
    },
    "amod":{
      "p":0.7798165138,
      "r":0.787037037,
      "f":0.7834101382
    },
    "parataxis":{
      "p":0.0,
      "r":0.0,
      "f":0.0
    },
    "dep":{
      "p":0.0,
      "r":0.0,
      "f":0.0
    },
    "flat:name":{
      "p":0.8571428571,
      "r":0.8571428571,
      "f":0.8571428571
    },
    "nummod":{
      "p":0.8873239437,
      "r":0.9,
      "f":0.8936170213
    },
    "fixed":{
      "p":0.75,
      "r":0.75,
      "f":0.75
    },
    "orphan":{
      "p":0.2058823529,
      "r":0.2,
      "f":0.2028985507
    },
    "csubj:pass":{
      "p":0.6666666667,
      "r":0.2857142857,
      "f":0.4
    },
    "obl:agent":{
      "p":0.8125,
      "r":0.5909090909,
      "f":0.6842105263
    },
    "vocative":{
      "p":0.8035714286,
      "r":0.737704918,
      "f":0.7692307692
    },
    "aux":{
      "p":0.0,
      "r":0.0,
      "f":0.0
    },
    "aux:pass":{
      "p":0.0,
      "r":0.0,
      "f":0.0
    }
  },
  "lemma_acc":0.9805555556,
  "speed":245.2856852588
}