{
  "token_acc":0.9988757864,
  "token_p":0.9963205428,
  "token_r":0.9947993702,
  "token_f":0.9955593754,
  "pos_acc":0.9350388524,
  "morph_acc":0.9058696952,
  "morph_per_feat":{
    "Mood":{
      "p":0.9647467726,
      "r":0.9422890398,
      "f":0.9533856722
    },
    "Number":{
      "p":0.9787528868,
      "r":0.9669911774,
      "f":0.9728364833
    },
    "Person":{
      "p":0.9501199041,
      "r":0.9213953488,
      "f":0.9355371901
    },
    "Tense":{
      "p":0.934000541,
      "r":0.9262339056,
      "f":0.9301010101
    },
    "VerbForm":{
      "p":0.9721395726,
      "r":0.9650912997,
      "f":0.9686026142
    },
    "Voice":{
      "p":0.9691641872,
      "r":0.9611051502,
      "f":0.9651178451
    },
    "Case":{
      "p":0.9557215743,
      "r":0.9466654634,
      "f":0.9511719635
    },
    "Gender":{
      "p":0.9168416248,
      "r":0.9084659913,
      "f":0.9126345918
    },
    "Aspect":{
      "p":0.8948170732,
      "r":0.8683431953,
      "f":0.8813813814
    },
    "Degree":{
      "p":0.7916666667,
      "r":0.6063829787,
      "f":0.686746988
    }
  },
  "lemma_acc":0.7509739717,
  "tag_acc":0.0,
  "sents_p":0.9076246334,
  "sents_r":0.9479326187,
  "sents_f":0.927340824,
  "dep_uas":0.7633501665,
  "dep_las":0.7019796395,
  "dep_las_per_type":{
    "root":{
      "p":0.9012810852,
      "r":0.9157733538,
      "f":0.9084694265
    },
    "advmod":{
      "p":0.6355107714,
      "r":0.7105672106,
      "f":0.6709464417
    },
    "nsubj":{
      "p":0.7263157895,
      "r":0.7208955224,
      "f":0.7235955056
    },
    "det":{
      "p":0.8688663283,
      "r":0.857978279,
      "f":0.8633879781
    },
    "nmod":{
      "p":0.6302131603,
      "r":0.6039076377,
      "f":0.6167800454
    },
    "obj":{
      "p":0.6253869969,
      "r":0.6688741722,
      "f":0.6464
    },
    "advcl":{
      "p":0.677486911,
      "r":0.6482965932,
      "f":0.6625704045
    },
    "cc":{
      "p":0.6829268293,
      "r":0.6871165644,
      "f":0.6850152905
    },
    "conj":{
      "p":0.6742209632,
      "r":0.6321381142,
      "f":0.6525017135
    },
    "amod":{
      "p":0.313253012,
      "r":0.1793103448,
      "f":0.2280701754
    },
    "cop":{
      "p":0.704379562,
      "r":0.6843971631,
      "f":0.6942446043
    },
    "obl":{
      "p":0.701048951,
      "r":0.5753228121,
      "f":0.6319936958
    },
    "case":{
      "p":0.9051355207,
      "r":0.8794178794,
      "f":0.8920913884
    },
    "xcomp":{
      "p":0.4346938776,
      "r":0.4088291747,
      "f":0.4213649852
    },
    "csubj":{
      "p":0.3958333333,
      "r":0.4871794872,
      "f":0.4367816092
    },
    "mark":{
      "p":0.8942598187,
      "r":0.8554913295,
      "f":0.8744460857
    },
    "ccomp":{
      "p":0.6380952381,
      "r":0.5075757576,
      "f":0.5654008439
    },
    "iobj":{
      "p":0.3873873874,
      "r":0.4343434343,
      "f":0.4095238095
    },
    "dep":{
      "p":0.0,
      "r":0.0,
      "f":0.0
    },
    "acl":{
      "p":0.3636363636,
      "r":0.3333333333,
      "f":0.347826087
    },
    "discourse":{
      "p":0.0,
      "r":0.0,
      "f":0.0
    },
    "vocative":{
      "p":0.5846153846,
      "r":0.4691358025,
      "f":0.5205479452
    },
    "nummod":{
      "p":0.0526315789,
      "r":0.3333333333,
      "f":0.0909090909
    },
    "parataxis":{
      "p":0.1111111111,
      "r":0.1111111111,
      "f":0.1111111111
    },
    "appos":{
      "p":0.0606060606,
      "r":0.0689655172,
      "f":0.064516129
    }
  },
  "speed":133.5644917877
}