{
  "token_acc":1.0,
  "token_p":0.9981990095,
  "token_r":0.9990986931,
  "token_f":0.9986486486,
  "pos_acc":0.8041910771,
  "morph_acc":0.561138651,
  "morph_per_feat":{
    "Case":{
      "p":0.9628654201,
      "r":0.9617256346,
      "f":0.9622951898
    },
    "Gender":{
      "p":0.892362959,
      "r":0.8894045883,
      "f":0.8908813177
    },
    "Number":{
      "p":0.986291019,
      "r":0.9803648069,
      "f":0.9833189841
    },
    "Aspect":{
      "p":0.8764302059,
      "r":0.2683952348,
      "f":0.410944206
    },
    "Mood":{
      "p":0.9269461078,
      "r":0.9015725102,
      "f":0.9140832595
    },
    "Person":{
      "p":0.9364224138,
      "r":0.6608365019,
      "f":0.7748551048
    },
    "Tense":{
      "p":0.9377073351,
      "r":0.9284671533,
      "f":0.9330643682
    },
    "VerbForm":{
      "p":0.9712495393,
      "r":0.9613279825,
      "f":0.966263293
    },
    "Voice":{
      "p":0.9129472519,
      "r":0.9032846715,
      "f":0.9080902587
    },
    "PronType":{
      "p":0.0,
      "r":0.0,
      "f":0.0
    },
    "Degree":{
      "p":0.756097561,
      "r":0.0405759162,
      "f":0.0770186335
    },
    "Definite":{
      "p":0.0,
      "r":0.0,
      "f":0.0
    },
    "Reflex":{
      "p":0.0,
      "r":0.0,
      "f":0.0
    },
    "Polarity":{
      "p":0.0,
      "r":0.0,
      "f":0.0
    },
    "Poss":{
      "p":0.0,
      "r":0.0,
      "f":0.0
    }
  },
  "lemma_acc":0.8912912913,
  "tag_acc":0.0,
  "sents_p":0.007751938,
  "sents_r":0.0009551098,
  "sents_f":0.0017006803,
  "dep_uas":0.6303212474,
  "dep_las":0.4758219049,
  "dep_las_per_type":{
    "iobj":{
      "p":0.6988636364,
      "r":0.2814645309,
      "f":0.4013050571
    },
    "root":{
      "p":0.8294573643,
      "r":0.1021967526,
      "f":0.1819727891
    },
    "nsubj":{
      "p":0.5207423581,
      "r":0.5347533632,
      "f":0.5276548673
    },
    "advmod":{
      "p":0.2074927954,
      "r":0.5,
      "f":0.2932790224
    },
    "advcl":{
      "p":0.4424342105,
      "r":0.4461028192,
      "f":0.4442609414
    },
    "ccomp":{
      "p":0.1408934708,
      "r":0.2530864198,
      "f":0.1810154525
    },
    "discourse":{
      "p":0.0,
      "r":0.0,
      "f":0.0
    },
    "obj":{
      "p":0.5319894829,
      "r":0.6692392503,
      "f":0.5927734375
    },
    "det":{
      "p":0.8539509537,
      "r":0.6875822729,
      "f":0.7617890131
    },
    "nmod":{
      "p":0.2207534699,
      "r":0.6447876448,
      "f":0.3289020187
    },
    "cop":{
      "p":0.5466666667,
      "r":0.5801886792,
      "f":0.5629290618
    },
    "appos":{
      "p":0.0,
      "r":0.0,
      "f":0.0
    },
    "case":{
      "p":0.902027027,
      "r":0.9112627986,
      "f":0.9066213922
    },
    "acl":{
      "p":0.2919254658,
      "r":0.2865853659,
      "f":0.2892307692
    },
    "mark":{
      "p":0.6339622642,
      "r":0.7777777778,
      "f":0.6985446985
    },
    "obl":{
      "p":0.6206434316,
      "r":0.5816582915,
      "f":0.6005188067
    },
    "nsubj:pass":{
      "p":0.0,
      "r":0.0,
      "f":0.0
    },
    "xcomp":{
      "p":0.3059490085,
      "r":0.45,
      "f":0.3642495784
    },
    "cc":{
      "p":0.3514492754,
      "r":0.2881188119,
      "f":0.316648531
    },
    "conj":{
      "p":0.3550347222,
      "r":0.5311688312,
      "f":0.4255983351
    },
    "dislocated":{
      "p":0.0,
      "r":0.0,
      "f":0.0
    },
    "amod":{
      "p":0.1470588235,
      "r":0.0462962963,
      "f":0.0704225352
    },
    "parataxis":{
      "p":0.0,
      "r":0.0,
      "f":0.0
    },
    "dep":{
      "p":0.0,
      "r":0.0,
      "f":0.0
    },
    "nummod":{
      "p":0.7391304348,
      "r":0.2428571429,
      "f":0.3655913978
    },
    "csubj:pass":{
      "p":0.0,
      "r":0.0,
      "f":0.0
    },
    "obl:agent":{
      "p":0.0,
      "r":0.0,
      "f":0.0
    },
    "csubj":{
      "p":0.0,
      "r":0.0,
      "f":0.0
    },
    "orphan":{
      "p":0.0,
      "r":0.0,
      "f":0.0
    },
    "vocative":{
      "p":0.4545454545,
      "r":0.1639344262,
      "f":0.2409638554
    },
    "aux":{
      "p":0.0,
      "r":0.0,
      "f":0.0
    },
    "aux:pass":{
      "p":0.0,
      "r":0.0,
      "f":0.0
    },
    "flat:name":{
      "p":0.0,
      "r":0.0,
      "f":0.0
    },
    "fixed":{
      "p":0.0,
      "r":0.0,
      "f":0.0
    }
  },
  "speed":129.5613892672
}