{
  "token_acc":0.9993134577,
  "token_p":0.9970513532,
  "token_r":0.9964695241,
  "token_f":0.9967603537,
  "tag_acc":0.9288281182,
  "pos_acc":0.9640926754,
  "morph_acc":0.9280663823,
  "morph_micro_p":0.9706385974,
  "morph_micro_r":0.9651433645,
  "morph_micro_f":0.9678831811,
  "morph_per_feat":{
    "Case":{
      "p":0.9746086395,
      "r":0.9696531792,
      "f":0.9721245942
    },
    "Gender":{
      "p":0.9392828256,
      "r":0.93665645,
      "f":0.9379677993
    },
    "Number":{
      "p":0.9873774674,
      "r":0.9817963326,
      "f":0.9845789908
    },
    "Aspect":{
      "p":0.9517958412,
      "r":0.9576795055,
      "f":0.9547286087
    },
    "Mood":{
      "p":0.9770788913,
      "r":0.9700979095,
      "f":0.9735758863
    },
    "Person":{
      "p":0.9780664395,
      "r":0.9608786611,
      "f":0.9693963698
    },
    "Tense":{
      "p":0.9625993455,
      "r":0.9550092764,
      "f":0.9587892899
    },
    "VerbForm":{
      "p":0.9881564594,
      "r":0.9808197989,
      "f":0.9844744605
    },
    "Voice":{
      "p":0.9716334165,
      "r":0.9638218924,
      "f":0.9677118907
    },
    "PronType":{
      "p":0.9819095477,
      "r":0.9802675585,
      "f":0.9810878661
    },
    "Degree":{
      "p":0.9320046893,
      "r":0.9265734266,
      "f":0.9292811222
    },
    "Definite":{
      "p":0.9927374302,
      "r":0.9899721448,
      "f":0.9913528591
    },
    "Reflex":{
      "p":1.0,
      "r":1.0,
      "f":1.0
    },
    "Polarity":{
      "p":0.99543379,
      "r":0.9864253394,
      "f":0.9909090909
    },
    "Poss":{
      "p":1.0,
      "r":0.8461538462,
      "f":0.9166666667
    }
  },
  "sents_p":0.8257575758,
  "sents_r":0.8338291543,
  "sents_f":0.8297737365,
  "dep_uas":0.8003509212,
  "dep_las":0.754562687,
  "dep_las_per_type":{
    "iobj":{
      "p":0.6760070053,
      "r":0.7201492537,
      "f":0.6973803071
    },
    "root":{
      "p":0.8735244519,
      "r":0.8805779856,
      "f":0.877037037
    },
    "nsubj":{
      "p":0.7445604874,
      "r":0.7665770609,
      "f":0.7554083885
    },
    "advmod":{
      "p":0.7418147802,
      "r":0.7222222222,
      "f":0.7318874019
    },
    "advcl":{
      "p":0.7026683609,
      "r":0.6908182386,
      "f":0.6966929134
    },
    "ccomp":{
      "p":0.6565934066,
      "r":0.5610328638,
      "f":0.6050632911
    },
    "discourse":{
      "p":0.8357424442,
      "r":0.8368421053,
      "f":0.8362919132
    },
    "obj":{
      "p":0.7477514309,
      "r":0.7567232106,
      "f":0.7522105696
    },
    "det":{
      "p":0.9043816102,
      "r":0.8966402739,
      "f":0.9004943047
    },
    "nmod":{
      "p":0.6681350954,
      "r":0.6570397112,
      "f":0.6625409538
    },
    "cop":{
      "p":0.7375745527,
      "r":0.7510121457,
      "f":0.7442326981
    },
    "appos":{
      "p":0.371257485,
      "r":0.3212435233,
      "f":0.3444444444
    },
    "case":{
      "p":0.931955211,
      "r":0.931955211,
      "f":0.931955211
    },
    "acl":{
      "p":0.4907749077,
      "r":0.4493243243,
      "f":0.4691358025
    },
    "mark":{
      "p":0.8707360862,
      "r":0.8629893238,
      "f":0.8668453977
    },
    "obl":{
      "p":0.674688057,
      "r":0.6913242009,
      "f":0.6829048263
    },
    "nsubj:pass":{
      "p":0.7128712871,
      "r":0.7578947368,
      "f":0.7346938776
    },
    "xcomp":{
      "p":0.5644257703,
      "r":0.5295663601,
      "f":0.546440678
    },
    "cc":{
      "p":0.6946428571,
      "r":0.702166065,
      "f":0.6983842011
    },
    "conj":{
      "p":0.6497975709,
      "r":0.6323046619,
      "f":0.6409317804
    },
    "dislocated":{
      "p":0.3333333333,
      "r":0.0714285714,
      "f":0.1176470588
    },
    "amod":{
      "p":0.6161616162,
      "r":0.5069252078,
      "f":0.556231003
    },
    "parataxis":{
      "p":0.0952380952,
      "r":0.0689655172,
      "f":0.08
    },
    "dep":{
      "p":0.0,
      "r":0.0,
      "f":0.0
    },
    "nummod":{
      "p":0.7375,
      "r":0.8082191781,
      "f":0.7712418301
    },
    "fixed":{
      "p":0.8333333333,
      "r":0.625,
      "f":0.7142857143
    },
    "csubj:pass":{
      "p":0.25,
      "r":0.1428571429,
      "f":0.1818181818
    },
    "obl:agent":{
      "p":0.9090909091,
      "r":0.4545454545,
      "f":0.6060606061
    },
    "orphan":{
      "p":0.2105263158,
      "r":0.1142857143,
      "f":0.1481481481
    },
    "vocative":{
      "p":0.7014925373,
      "r":0.661971831,
      "f":0.6811594203
    },
    "flat:name":{
      "p":0.7142857143,
      "r":0.7142857143,
      "f":0.7142857143
    },
    "aux":{
      "p":0.0,
      "r":0.0,
      "f":0.0
    },
    "aux:pass":{
      "p":0.0,
      "r":0.0,
      "f":0.0
    },
    "csubj":{
      "p":0.4444444444,
      "r":0.4102564103,
      "f":0.4266666667
    }
  },
  "lemma_acc":0.839176974,
  "ents_p":null,
  "ents_r":null,
  "ents_f":null,
  "ents_per_type":null,
  "speed":2996.7637638141
}