{
  "token_acc":0.9993134577,
  "token_p":0.9970513532,
  "token_r":0.9964695241,
  "token_f":0.9967603537,
  "pos_acc":0.884006311,
  "morph_acc":0.7722378858,
  "morph_per_feat":{
    "Case":{
      "p":0.9587801067,
      "r":0.9523656605,
      "f":0.9555621191
    },
    "Gender":{
      "p":0.9083080589,
      "r":0.9018121202,
      "f":0.9050484337
    },
    "Number":{
      "p":0.982247191,
      "r":0.9727167527,
      "f":0.9774587414
    },
    "Aspect":{
      "p":0.8848263254,
      "r":0.4602948169,
      "f":0.6055677197
    },
    "Mood":{
      "p":0.9485373781,
      "r":0.9267001852,
      "f":0.9374916343
    },
    "Person":{
      "p":0.9444162437,
      "r":0.7784518828,
      "f":0.853440367
    },
    "Tense":{
      "p":0.9345386534,
      "r":0.9270253556,
      "f":0.9307668426
    },
    "VerbForm":{
      "p":0.9724127182,
      "r":0.9650425367,
      "f":0.9687136092
    },
    "Voice":{
      "p":0.9452759588,
      "r":0.9373840445,
      "f":0.9413134606
    },
    "PronType":{
      "p":0.0,
      "r":0.0,
      "f":0.0
    },
    "Degree":{
      "p":0.7672413793,
      "r":0.1037296037,
      "f":0.18275154
    },
    "Definite":{
      "p":0.0,
      "r":0.0,
      "f":0.0
    },
    "Reflex":{
      "p":0.0,
      "r":0.0,
      "f":0.0
    },
    "Polarity":{
      "p":0.0,
      "r":0.0,
      "f":0.0
    },
    "Poss":{
      "p":0.0,
      "r":0.0,
      "f":0.0
    }
  },
  "lemma_acc":0.8055608289,
  "tag_acc":0.0,
  "sents_p":0.8299731183,
  "sents_r":0.5248618785,
  "sents_f":0.6430617027,
  "dep_uas":0.7087810532,
  "dep_las":0.607405783,
  "dep_las_per_type":{
    "iobj":{
      "p":0.567114094,
      "r":0.3152985075,
      "f":0.4052757794
    },
    "root":{
      "p":0.8919476944,
      "r":0.5507862303,
      "f":0.6810299527
    },
    "nsubj":{
      "p":0.640590076,
      "r":0.6420250896,
      "f":0.64130678
    },
    "advmod":{
      "p":0.4773420479,
      "r":0.6651487553,
      "f":0.5558092339
    },
    "advcl":{
      "p":0.5741324921,
      "r":0.5683947533,
      "f":0.5712492153
    },
    "ccomp":{
      "p":0.359375,
      "r":0.4319248826,
      "f":0.3923240938
    },
    "discourse":{
      "p":0.0,
      "r":0.0,
      "f":0.0
    },
    "obj":{
      "p":0.586169045,
      "r":0.6628051303,
      "f":0.6221359223
    },
    "det":{
      "p":0.863062634,
      "r":0.7755189386,
      "f":0.8169522092
    },
    "nmod":{
      "p":0.4647848726,
      "r":0.6122743682,
      "f":0.5284312198
    },
    "cop":{
      "p":0.6169354839,
      "r":0.6194331984,
      "f":0.6181818182
    },
    "appos":{
      "p":0.0869565217,
      "r":0.0207253886,
      "f":0.0334728033
    },
    "case":{
      "p":0.9073021425,
      "r":0.8936261843,
      "f":0.9004122369
    },
    "acl":{
      "p":0.3275261324,
      "r":0.3175675676,
      "f":0.3224699828
    },
    "mark":{
      "p":0.7684563758,
      "r":0.8149466192,
      "f":0.7910189983
    },
    "obl":{
      "p":0.6725053079,
      "r":0.5785388128,
      "f":0.6219931271
    },
    "nsubj:pass":{
      "p":0.0,
      "r":0.0,
      "f":0.0
    },
    "xcomp":{
      "p":0.375,
      "r":0.4178712221,
      "f":0.3952765693
    },
    "cc":{
      "p":0.501010101,
      "r":0.4476534296,
      "f":0.4728312679
    },
    "conj":{
      "p":0.4754797441,
      "r":0.5856861458,
      "f":0.524860253
    },
    "dislocated":{
      "p":0.0,
      "r":0.0,
      "f":0.0
    },
    "amod":{
      "p":0.2364864865,
      "r":0.0969529086,
      "f":0.137524558
    },
    "parataxis":{
      "p":0.1764705882,
      "r":0.1034482759,
      "f":0.1304347826
    },
    "dep":{
      "p":0.0,
      "r":0.0,
      "f":0.0
    },
    "nummod":{
      "p":0.4186046512,
      "r":0.2465753425,
      "f":0.3103448276
    },
    "csubj:pass":{
      "p":0.0,
      "r":0.0,
      "f":0.0
    },
    "obl:agent":{
      "p":0.0,
      "r":0.0,
      "f":0.0
    },
    "csubj":{
      "p":0.2142857143,
      "r":0.5384615385,
      "f":0.3065693431
    },
    "orphan":{
      "p":0.0,
      "r":0.0,
      "f":0.0
    },
    "vocative":{
      "p":0.5697674419,
      "r":0.3450704225,
      "f":0.4298245614
    },
    "aux":{
      "p":0.0,
      "r":0.0,
      "f":0.0
    },
    "aux:pass":{
      "p":0.0,
      "r":0.0,
      "f":0.0
    },
    "flat:name":{
      "p":0.0,
      "r":0.0,
      "f":0.0
    },
    "fixed":{
      "p":0.0,
      "r":0.0,
      "f":0.0
    }
  },
  "speed":136.0150840107
}