{
  "token_acc":0.9988757864,
  "token_p":0.9963205428,
  "token_r":0.9947993702,
  "token_f":0.9955593754,
  "tag_acc":0.5094889813,
  "pos_acc":0.814666093,
  "morph_acc":0.7306717667,
  "morph_micro_p":0.8228877245,
  "morph_micro_r":0.8577565261,
  "morph_micro_f":0.8399604089,
  "morph_per_feat":{
    "Mood":{
      "p":0.8518698397,
      "r":0.8506304559,
      "f":0.8512496967
    },
    "Number":{
      "p":0.946596697,
      "r":0.932917554,
      "f":0.939707347
    },
    "Person":{
      "p":0.785370127,
      "r":0.8339534884,
      "f":0.8089330025
    },
    "Tense":{
      "p":0.7623465211,
      "r":0.7494635193,
      "f":0.7558501285
    },
    "VerbForm":{
      "p":0.8837653479,
      "r":0.869763695,
      "f":0.8767086209
    },
    "Voice":{
      "p":0.8526603001,
      "r":0.838251073,
      "f":0.8453942919
    },
    "Case":{
      "p":0.8972382787,
      "r":0.8825015793,
      "f":0.8898089172
    },
    "Gender":{
      "p":0.825175471,
      "r":0.808158466,
      "f":0.8165783221
    },
    "Definite":{
      "p":0.0,
      "r":0.0,
      "f":0.0
    },
    "PronType":{
      "p":0.0,
      "r":0.0,
      "f":0.0
    },
    "Degree":{
      "p":0.0405405405,
      "r":0.0957446809,
      "f":0.0569620253
    },
    "Aspect":{
      "p":0.4332669323,
      "r":0.6434911243,
      "f":0.5178571429
    },
    "Reflex":{
      "p":0.0,
      "r":0.0,
      "f":0.0
    },
    "Poss":{
      "p":0.0,
      "r":0.0,
      "f":0.0
    }
  },
  "lemma_acc":0.7377327374,
  "sents_p":0.8655221745,
  "sents_r":0.9264931087,
  "sents_f":0.8949704142,
  "dep_uas":0.5861105139,
  "dep_las":0.4842116578,
  "dep_las_per_type":{
    "root":{
      "p":0.7131560029,
      "r":0.7595712098,
      "f":0.7356321839
    },
    "advmod":{
      "p":0.5345330739,
      "r":0.426961927,
      "f":0.4747300216
    },
    "nsubj":{
      "p":0.4184861718,
      "r":0.4291044776,
      "f":0.4237288136
    },
    "det":{
      "p":0.6807473599,
      "r":0.7000835422,
      "f":0.6902800659
    },
    "nmod":{
      "p":0.3696793003,
      "r":0.2815275311,
      "f":0.3196370053
    },
    "obj":{
      "p":0.3775910364,
      "r":0.4463576159,
      "f":0.4091047041
    },
    "advcl":{
      "p":0.3386850153,
      "r":0.4438877756,
      "f":0.3842150911
    },
    "cc":{
      "p":0.3125541126,
      "r":0.5536809816,
      "f":0.3995572773
    },
    "conj":{
      "p":0.3564593301,
      "r":0.395750332,
      "f":0.3750786658
    },
    "amod":{
      "p":0.0125,
      "r":0.0068965517,
      "f":0.0088888889
    },
    "cop":{
      "p":0.4861111111,
      "r":0.3723404255,
      "f":0.421686747
    },
    "obl":{
      "p":0.4122862571,
      "r":0.4670014347,
      "f":0.4379414733
    },
    "case":{
      "p":0.7778541953,
      "r":0.7837837838,
      "f":0.7808077321
    },
    "xcomp":{
      "p":0.2426470588,
      "r":0.1266794626,
      "f":0.1664564943
    },
    "csubj":{
      "p":0.1818181818,
      "r":0.0512820513,
      "f":0.08
    },
    "mark":{
      "p":0.7210144928,
      "r":0.5751445087,
      "f":0.6398713826
    },
    "ccomp":{
      "p":0.2972972973,
      "r":0.0833333333,
      "f":0.1301775148
    },
    "discourse":{
      "p":0.1935483871,
      "r":0.7272727273,
      "f":0.3057324841
    },
    "iobj":{
      "p":0.1578947368,
      "r":0.2727272727,
      "f":0.2
    },
    "nsubj:pass":{
      "p":0.0,
      "r":0.0,
      "f":0.0
    },
    "vocative":{
      "p":0.2839506173,
      "r":0.2839506173,
      "f":0.2839506173
    },
    "appos":{
      "p":0.0238095238,
      "r":0.0344827586,
      "f":0.0281690141
    },
    "acl":{
      "p":0.1142857143,
      "r":0.0303030303,
      "f":0.0479041916
    },
    "obl:agent":{
      "p":0.0,
      "r":0.0,
      "f":0.0
    },
    "nummod":{
      "p":0.03125,
      "r":0.3333333333,
      "f":0.0571428571
    },
    "dep":{
      "p":0.0,
      "r":0.0,
      "f":0.0
    },
    "parataxis":{
      "p":0.0,
      "r":0.0,
      "f":0.0
    },
    "flat:name":{
      "p":0.0,
      "r":0.0,
      "f":0.0
    },
    "fixed":{
      "p":0.0,
      "r":0.0,
      "f":0.0
    },
    "orphan":{
      "p":0.0,
      "r":0.0,
      "f":0.0
    }
  },
  "ents_p":null,
  "ents_r":null,
  "ents_f":null,
  "ents_per_type":null,
  "speed":33342.7371312704
}