{
  "token_acc":0.9988757864,
  "token_p":0.9963205428,
  "token_r":0.9947993702,
  "token_f":0.9955593754,
  "tag_acc":0.8980753138,
  "pos_acc":0.9557441721,
  "morph_acc":0.9252361028,
  "morph_micro_p":0.9637665522,
  "morph_micro_r":0.9549244854,
  "morph_micro_f":0.959325145,
  "morph_per_feat":{
    "Mood":{
      "p":0.9686735193,
      "r":0.9597478177,
      "f":0.9641900122
    },
    "Number":{
      "p":0.9803560467,
      "r":0.9717067235,
      "f":0.9760122231
    },
    "Person":{
      "p":0.9659309021,
      "r":0.9362790698,
      "f":0.9508738781
    },
    "Tense":{
      "p":0.9485373781,
      "r":0.9393776824,
      "f":0.94393531
    },
    "VerbForm":{
      "p":0.9818526544,
      "r":0.9734156821,
      "f":0.9776159655
    },
    "Voice":{
      "p":0.9710184182,
      "r":0.9616416309,
      "f":0.9663072776
    },
    "Case":{
      "p":0.9687898089,
      "r":0.9608338598,
      "f":0.9647954329
    },
    "Gender":{
      "p":0.9391343964,
      "r":0.9322539797,
      "f":0.9356815396
    },
    "Aspect":{
      "p":0.9048316252,
      "r":0.9142011834,
      "f":0.9094922737
    },
    "Degree":{
      "p":0.8735632184,
      "r":0.8085106383,
      "f":0.8397790055
    },
    "PronType":{
      "p":0.0,
      "r":0.0,
      "f":0.0
    }
  },
  "sents_p":0.9807840123,
  "sents_r":0.9770290965,
  "sents_f":0.9789029536,
  "dep_uas":0.7815616181,
  "dep_las":0.7285384078,
  "dep_las_per_type":{
    "root":{
      "p":0.9198149576,
      "r":0.9134762634,
      "f":0.9166346523
    },
    "advmod":{
      "p":0.7423459245,
      "r":0.7253302253,
      "f":0.733739438
    },
    "nsubj":{
      "p":0.7198275862,
      "r":0.747761194,
      "f":0.7335285505
    },
    "det":{
      "p":0.8716532087,
      "r":0.8567251462,
      "f":0.8641247103
    },
    "nmod":{
      "p":0.6470588235,
      "r":0.6398756661,
      "f":0.643447198
    },
    "obj":{
      "p":0.6836935167,
      "r":0.6913907285,
      "f":0.6875205795
    },
    "advcl":{
      "p":0.6950852558,
      "r":0.6943887776,
      "f":0.6947368421
    },
    "cc":{
      "p":0.7189835575,
      "r":0.7377300613,
      "f":0.7282361847
    },
    "conj":{
      "p":0.6861413043,
      "r":0.6706507304,
      "f":0.678307589
    },
    "amod":{
      "p":0.3384615385,
      "r":0.1517241379,
      "f":0.2095238095
    },
    "cop":{
      "p":0.7003610108,
      "r":0.6879432624,
      "f":0.6940966011
    },
    "obl":{
      "p":0.6445229682,
      "r":0.6542324247,
      "f":0.6493414026
    },
    "case":{
      "p":0.9041666667,
      "r":0.9022869023,
      "f":0.9032258065
    },
    "xcomp":{
      "p":0.5086956522,
      "r":0.4491362764,
      "f":0.4770642202
    },
    "csubj":{
      "p":0.325,
      "r":0.3333333333,
      "f":0.3291139241
    },
    "mark":{
      "p":0.8779761905,
      "r":0.8526011561,
      "f":0.8651026393
    },
    "ccomp":{
      "p":0.6747572816,
      "r":0.5265151515,
      "f":0.5914893617
    },
    "dep":{
      "p":0.0,
      "r":0.0,
      "f":0.0
    },
    "acl":{
      "p":0.4173913043,
      "r":0.3636363636,
      "f":0.3886639676
    },
    "discourse":{
      "p":0.78125,
      "r":0.7575757576,
      "f":0.7692307692
    },
    "vocative":{
      "p":0.5652173913,
      "r":0.4814814815,
      "f":0.52
    },
    "iobj":{
      "p":0.3963963964,
      "r":0.4444444444,
      "f":0.419047619
    },
    "parataxis":{
      "p":0.1111111111,
      "r":0.2222222222,
      "f":0.1481481481
    },
    "appos":{
      "p":0.1090909091,
      "r":0.2068965517,
      "f":0.1428571429
    },
    "nummod":{
      "p":0.1,
      "r":0.3333333333,
      "f":0.1538461538
    },
    "orphan":{
      "p":0.0,
      "r":0.0,
      "f":0.0
    }
  },
  "lemma_acc":0.8064246277,
  "ents_p":null,
  "ents_r":null,
  "ents_f":null,
  "ents_per_type":null,
  "speed":3107.5330262118
}