{
  "token_acc":0.9993134577,
  "token_p":0.9970513532,
  "token_r":0.9964695241,
  "token_f":0.9967603537,
  "pos_acc":0.8832861024,
  "morph_acc":0.7404356019,
  "morph_micro_p":0.8905708131,
  "morph_micro_r":0.9629811459,
  "morph_micro_f":0.9253615988,
  "morph_per_feat":{
    "Case":{
      "p":0.9754221792,
      "r":0.9707236138,
      "f":0.9730672246
    },
    "Gender":{
      "p":0.9319746328,
      "r":0.9245577244,
      "f":0.9282513632
    },
    "Number":{
      "p":0.9879545047,
      "r":0.9819743635,
      "f":0.9849553571
    },
    "Aspect":{
      "p":0.6269254467,
      "r":0.9676652401,
      "f":0.760889886
    },
    "Mood":{
      "p":0.9810058855,
      "r":0.9703625298,
      "f":0.9756551816
    },
    "Person":{
      "p":0.9007381507,
      "r":0.970083682,
      "f":0.9341257051
    },
    "Tense":{
      "p":0.9669459963,
      "r":0.9633580705,
      "f":0.9651486989
    },
    "VerbForm":{
      "p":0.9865053513,
      "r":0.9837587007,
      "f":0.9851301115
    },
    "Voice":{
      "p":0.9374612042,
      "r":0.933982684,
      "f":0.9357187113
    },
    "PronType":{
      "p":0.482125287,
      "r":0.983277592,
      "f":0.6470070423
    },
    "Degree":{
      "p":0.3917378917,
      "r":0.9615384615,
      "f":0.5566801619
    },
    "Definite":{
      "p":0.4298795181,
      "r":0.9938718663,
      "f":0.6001682086
    },
    "Reflex":{
      "p":0.6216216216,
      "r":1.0,
      "f":0.7666666667
    },
    "Polarity":{
      "p":0.9864864865,
      "r":0.9909502262,
      "f":0.9887133183
    },
    "Poss":{
      "p":0.4444444444,
      "r":0.9230769231,
      "f":0.6
    }
  },
  "tag_acc":0.3825647468,
  "sents_p":0.3023824068,
  "sents_r":0.4207394815,
  "sents_f":0.3518748889,
  "dep_uas":0.757324706,
  "dep_las":0.647356725,
  "dep_las_per_type":{
    "iobj":{
      "p":0.4341412013,
      "r":0.7686567164,
      "f":0.5548821549
    },
    "root":{
      "p":0.6280208015,
      "r":0.8725031874,
      "f":0.7303450729
    },
    "nsubj":{
      "p":0.7534562212,
      "r":0.7325268817,
      "f":0.7428441617
    },
    "advmod":{
      "p":0.5073325406,
      "r":0.3885853066,
      "f":0.4400893932
    },
    "advcl":{
      "p":0.6506447831,
      "r":0.6933166771,
      "f":0.671303296
    },
    "ccomp":{
      "p":0.4773218143,
      "r":0.5187793427,
      "f":0.4971878515
    },
    "discourse":{
      "p":0.3520215633,
      "r":0.8592105263,
      "f":0.4994263862
    },
    "obj":{
      "p":0.7590637907,
      "r":0.6843194042,
      "f":0.7197563098
    },
    "det":{
      "p":0.8004364213,
      "r":0.8634710036,
      "f":0.8307597282
    },
    "nmod":{
      "p":0.6424945613,
      "r":0.3198555957,
      "f":0.4270908653
    },
    "cop":{
      "p":0.7724425887,
      "r":0.7489878543,
      "f":0.7605344296
    },
    "appos":{
      "p":0.127016129,
      "r":0.3264248705,
      "f":0.18287373
    },
    "case":{
      "p":0.9097192225,
      "r":0.9069767442,
      "f":0.9083459133
    },
    "acl":{
      "p":0.3448275862,
      "r":0.4054054054,
      "f":0.3726708075
    },
    "mark":{
      "p":0.8493723849,
      "r":0.7224199288,
      "f":0.7807692308
    },
    "obl":{
      "p":0.7041910331,
      "r":0.6598173516,
      "f":0.681282414
    },
    "nsubj:pass":{
      "p":0.3463203463,
      "r":0.8421052632,
      "f":0.490797546
    },
    "xcomp":{
      "p":0.5852459016,
      "r":0.4691195795,
      "f":0.5207877462
    },
    "cc":{
      "p":0.5960945529,
      "r":0.697954272,
      "f":0.6430155211
    },
    "conj":{
      "p":0.6733287388,
      "r":0.6414970453,
      "f":0.6570275723
    },
    "dislocated":{
      "p":0.1666666667,
      "r":0.1428571429,
      "f":0.1538461538
    },
    "amod":{
      "p":0.2845849802,
      "r":0.5983379501,
      "f":0.3857142857
    },
    "parataxis":{
      "p":0.0322580645,
      "r":0.0344827586,
      "f":0.0333333333
    },
    "dep":{
      "p":0.0,
      "r":0.0,
      "f":0.0
    },
    "flat:name":{
      "p":0.4615384615,
      "r":0.8571428571,
      "f":0.6
    },
    "nummod":{
      "p":0.4850746269,
      "r":0.8904109589,
      "f":0.6280193237
    },
    "fixed":{
      "p":0.4,
      "r":0.75,
      "f":0.5217391304
    },
    "orphan":{
      "p":0.0972222222,
      "r":0.2,
      "f":0.1308411215
    },
    "csubj:pass":{
      "p":0.4,
      "r":0.2857142857,
      "f":0.3333333333
    },
    "obl:agent":{
      "p":0.2131147541,
      "r":0.5909090909,
      "f":0.313253012
    },
    "vocative":{
      "p":0.4387096774,
      "r":0.4788732394,
      "f":0.4579124579
    },
    "aux":{
      "p":0.0,
      "r":0.0,
      "f":0.0
    },
    "aux:pass":{
      "p":0.0,
      "r":0.0,
      "f":0.0
    },
    "csubj":{
      "p":0.0,
      "r":0.0,
      "f":0.0
    }
  },
  "lemma_acc":0.8025234013,
  "speed":281.6104237504
}