{
  "token_acc":0.9993134577,
  "token_p":0.9970513532,
  "token_r":0.9964695241,
  "token_f":0.9967603537,
  "tag_acc":0.1025730892,
  "pos_acc":0.2596860168,
  "morph_acc":0.1380881451,
  "morph_micro_p":0.3099612832,
  "morph_micro_r":0.3420274717,
  "morph_micro_f":0.3252058359,
  "morph_per_feat":{
    "Case":{
      "p":0.33136178,
      "r":0.2518732605,
      "f":0.2862008149
    },
    "Gender":{
      "p":0.4072535211,
      "r":0.310964134,
      "f":0.3526542062
    },
    "Number":{
      "p":0.581769945,
      "r":0.5465551006,
      "f":0.563612998
    },
    "Aspect":{
      "p":0.1017824851,
      "r":0.1873514028,
      "f":0.1319049213
    },
    "Mood":{
      "p":0.1677036608,
      "r":0.3066948928,
      "f":0.2168381665
    },
    "Person":{
      "p":0.1284606866,
      "r":0.2426778243,
      "f":0.1679942071
    },
    "Tense":{
      "p":0.1871908357,
      "r":0.2223252938,
      "f":0.2032508834
    },
    "VerbForm":{
      "p":0.1924228616,
      "r":0.2286156226,
      "f":0.2089636646
    },
    "Voice":{
      "p":0.2248405156,
      "r":0.2670068027,
      "f":0.244116192
    },
    "PronType":{
      "p":0.1840573826,
      "r":0.4548494983,
      "f":0.2620676366
    },
    "Degree":{
      "p":0.0466200466,
      "r":0.0466200466,
      "f":0.0466200466
    },
    "Definite":{
      "p":0.2469244288,
      "r":0.626183844,
      "f":0.3541830786
    },
    "Reflex":{
      "p":0.0,
      "r":0.0,
      "f":0.0
    },
    "Polarity":{
      "p":0.2004219409,
      "r":0.4298642534,
      "f":0.273381295
    },
    "Poss":{
      "p":0.0,
      "r":0.0,
      "f":0.0
    }
  },
  "lemma_acc":0.3278377313,
  "sents_p":0.0004593899,
  "sents_r":0.0042498938,
  "sents_f":0.000829153,
  "dep_uas":0.1438829345,
  "dep_las":0.0815647863,
  "dep_las_per_type":{
    "iobj":{
      "p":0.0,
      "r":0.0,
      "f":0.0
    },
    "root":{
      "p":0.069450186,
      "r":0.6425839354,
      "f":0.1253523462
    },
    "nsubj":{
      "p":0.0,
      "r":0.0,
      "f":0.0
    },
    "advmod":{
      "p":0.0296595888,
      "r":0.0267152398,
      "f":0.0281105255
    },
    "advcl":{
      "p":0.0,
      "r":0.0,
      "f":0.0
    },
    "ccomp":{
      "p":0.0,
      "r":0.0,
      "f":0.0
    },
    "discourse":{
      "p":0.0,
      "r":0.0,
      "f":0.0
    },
    "obj":{
      "p":0.0,
      "r":0.0,
      "f":0.0
    },
    "det":{
      "p":0.1178241238,
      "r":0.2345388401,
      "f":0.1568515206
    },
    "nmod":{
      "p":0.0,
      "r":0.0,
      "f":0.0
    },
    "cop":{
      "p":0.0,
      "r":0.0,
      "f":0.0
    },
    "appos":{
      "p":0.0,
      "r":0.0,
      "f":0.0
    },
    "case":{
      "p":0.0148148148,
      "r":0.0008613264,
      "f":0.0016280016
    },
    "acl":{
      "p":0.0,
      "r":0.0,
      "f":0.0
    },
    "mark":{
      "p":0.0,
      "r":0.0,
      "f":0.0
    },
    "obl":{
      "p":0.0,
      "r":0.0,
      "f":0.0
    },
    "nsubj:pass":{
      "p":0.0,
      "r":0.0,
      "f":0.0
    },
    "xcomp":{
      "p":0.0,
      "r":0.0,
      "f":0.0
    },
    "cc":{
      "p":0.0,
      "r":0.0,
      "f":0.0
    },
    "conj":{
      "p":0.0,
      "r":0.0,
      "f":0.0
    },
    "dislocated":{
      "p":0.0,
      "r":0.0,
      "f":0.0
    },
    "amod":{
      "p":0.0,
      "r":0.0,
      "f":0.0
    },
    "parataxis":{
      "p":0.0,
      "r":0.0,
      "f":0.0
    },
    "nummod":{
      "p":0.0,
      "r":0.0,
      "f":0.0
    },
    "csubj:pass":{
      "p":0.0,
      "r":0.0,
      "f":0.0
    },
    "obl:agent":{
      "p":0.0,
      "r":0.0,
      "f":0.0
    },
    "orphan":{
      "p":0.0,
      "r":0.0,
      "f":0.0
    },
    "vocative":{
      "p":0.0,
      "r":0.0,
      "f":0.0
    },
    "aux":{
      "p":0.0,
      "r":0.0,
      "f":0.0
    },
    "aux:pass":{
      "p":0.0,
      "r":0.0,
      "f":0.0
    },
    "flat:name":{
      "p":0.0,
      "r":0.0,
      "f":0.0
    },
    "fixed":{
      "p":0.0,
      "r":0.0,
      "f":0.0
    },
    "csubj":{
      "p":0.0,
      "r":0.0,
      "f":0.0
    }
  },
  "speed":4621.8040265955
}